group,name,namespace,qualName,description,dataType,usage,vocabulary,comments,examples,status,GitHub issue,Darwin Core,ABCD,HISPID 3,HISPID 4,HISPID 5,Audubon Core,issued,modified
Record level terms,institutionCode,http://rs.tdwg.org/dwc/terms/,http://rs.tdwg.org/dwc/terms/institutionCode,The Index Herbariorum code for the herbarium supplying the record.,string,,,,"""MEL"", ""CANB""",current,,institutionCode,//Unit/SourceInstitutionID,insid,insid,,,2015-07-11,2015-07-11
Record level terms,collectionCode,http://rs.tdwg.org/dwc/terms/,http://rs.tdwg.org/dwc/terms/collectionCode,An acronym or code of a collection or source within the institution.,string,,,May be the same as institutionCode,"""CBG"", ""QRS"", ""WAHERB""",current,,collectionCode,//Unit/SourceID,,,,,2015-07-11,2015-07-11
Record level terms,modified,http://purl.org/dc/terms/,http://purl.org/dc/terms/modified,Date and time of the last modification to any component of the record.,dateTime,Must  be an ISO 8601:2004(E) date or (preferrably) date and time.,,,"""1963-03-08T14:07:00"", ""2009-02-12""",current,,modified,//Unit/DateLastEdited,moddat,moddat,,dcterms:modified,2015-07-11,2015-07-11
Record level terms,basisOfRecord,http://rs.tdwg.org/dwc/terms/,http://rs.tdwg.org/dwc/terms/basisOfRecord,Nature of the record,string,,http://rs.gbif.org/vocabulary/dwc/basis_of_record.xml,,"""PreservedSpecimen""",current,https://github.com/hiscom/hispid/issues/27,basisOfRecord,//Unit/RecordBasis,recsou,recsou,,,2015-07-11,2015-07-11
Record level terms,type,http://purl.org/dc/terms/,http://purl.org/dc/terms/type,Nature of the resource,string,,http://rs.gbif.org/vocabulary/dcterms/type.xml,,"""PhysicalObject""",new,,dcterms:type,,,,,dc:type,2015-07-11,2015-07-11
Record level terms,language,http://purl.org/dc/terms/,http://purl.org/dc/terms/language,Language of the resource,string,,http://id.loc.gov/vocabulary/iso639-2,"For multimedia objects dcterms:language strictly speaking is the language of the resource. Audubon Core has a separate element, ac:metadataLanguage, to transfer the language of the metadata.","""http://id.loc.gov/vocabulary/iso639-2/eng""",under consideration,,dcterms:language,,,,,"ac:metadataLanguageLiteral, ac:metadataLanguage, dcterms:language",2015-07-11,2015-07-11
Record level terms,rightsHolder,http://purl.org/dc/terms/,http://purl.org/dc/terms/rightsHolder,[The name of] Owner of the copyright over the resource.,string,,,,,under consideration,,,,,,,xmpRights:Owner,2015-07-11,2015-07-11
Record level terms,license,http://purl.org/dc/terms/,http://purl.org/dc/terms/license,URL defining or elaborating on the licence statement.,string,,,,"""http://creativecommons.org/licenses/by/3.0/au/"", ""http://creativecommons.org/licenses/by/4.0/""",under consideration,,,,,,,xmpRights:WebStatement,2015-07-11,2015-07-11
Record level terms,informationWithheld,http://rs.tdwg.org/dwc/terms/,http://rs.tdwg.org/dwc/terms/informationWitheld,"Additional information that exists, but that has not been shared in the given record.",string,,,,"""location information not given for endangered species"", ""collector identities withheld"", ""ask about tissue samples""",under consideration,https://github.com/hiscom/hispid/issues/67,informationWithheld,//Unit/InformationWithheld,,,,,2015-07-19,2015-07-19
Record level terms,dataGeneralizations,http://rs.tdwg.org/dwc/terms/,http://rs.tdwg.org/dwc/terms/dataGeneralizations,Actions taken to make the shared data less specific or complete than in its original form. Suggests that alternative data of higher quality may be available on request.,string,,,,"""Coordinates generalized from original GPS coordinates to the nearest half degree grid cell"".",under consideration,https://github.com/hiscom/hispid/issues/67,dataGeneralizations,,,,,,2015-07-19,2015-07-19
Occurrence,occurrenceID,http://rs.tdwg.org/dwc/terms/,http://rs.tdwg.org/dwc/terms/occurrenceID,A globally unique identifier for the collection object record.,string,"Preferrably use a UUID. If this is not feasible an identifier can be created based on a unique field in the database, for example the catalogNumber. If doing so, the identifier must be stored in the database and cannot be changed or used for another record.",,,"""1cf74f91-e991-4382-8b20-42d2d8e6076a"", ""URN:catalog:PERTH:WAHERB:08444595""",current,https://github.com/hiscom/hispid/issues/2,occurrenceID,//Unit/UnitGUID,,,,,2015-07-11,2015-07-11
Occurrence,catalogNumber,http://rs.tdwg.org/dwc/terms/,http://rs.tdwg.org/dwc/terms/catalogNumber,"The unique identifier for each collection object, including the acronym",string,,,,"""MEL 12345"", ""CANB 78021.1"", ""PERTH 08444595"", ""CHR 1234 A""",current,,catalogNumber,//Unit/UnitID,accid,accid,,,2015-07-11,2015-07-11
Occurrence,recordedBy,http://rs.tdwg.org/dwc/terms/,http://rs.tdwg.org/dwc/terms/recordedBy,The name(s) of the person or persons who made the collection on which this record is based,string,"Any valid collector's name, collector's family name (surname) followed by comma and space ("", "") then initials (all in uppercase and separated by fullstops).",,"The format of names is not strictly enforced, but when available should be provided in the standard form.","""Steenis, C.G.G.J. van"", ""Wilson, Peter G."", ""Streimann, H.|Mundua, A.""",current,https://github.com/hiscom/hispid/issues/30,recordedBy,//Unit/Gathering/Agents/GatheringAgentsText or //Unit/Gathering/Agents/GatheringAgent/AgentText (+),cnam,cnam,,,2015-07-11,2015-07-11
Occurrence,recordNumber,http://rs.tdwg.org/dwc/terms/,http://rs.tdwg.org/dwc/terms/recordNumber,The verbatim collecting number,string,,,,,current,,recordNumber,//Unit/CollectorsFieldNumber,cid,cid,,,2015-07-11,2015-07-11
Occurrence,preparations,http://rs.tdwg.org/dwc/terms/,http://rs.tdwg.org/dwc/terms/preparations,List of preparations from a specimen,string,,http://hiscom.rbg.vic.gov.au/hispid/vocabulary/preparations.xml,,"""sheet"", ""alcohol"", ""sheet|slide"", ""sheet|silica gel|molecular isolate""",current,https://github.com/hiscom/hispid/issues/26,preparations,//Unit/KindOfUnit,ckin,ckin,,dwc:preparations,2015-07-11,2015-07-11
Occurrence,otherCatalogNumbers,http://rs.tdwg.org/dwc/terms/,http://rs.tdwg.org/dwc/terms/otherCatalogNumbers,A list of previous or alternate catalog numbers for the same Occurrence.,string,"e.g., for the catalogue numbers for exchanged specimens when known or of multisheets.",,Note - this is a broader definition than implied by the HISPID 3 mapping,,current,,otherCatalogNumbers,//Unit/SpecimenUnit/History/PreviousUnits/PreviousUnit/PreviousUnitID,donacc,donacc,,,2015-07-11,2015-07-11
Occurrence,occurrenceRemarks,http://rs.tdwg.org/dwc/terms/,http://rs.tdwg.org/dwc/terms/occurrenceRemarks,Any additional information provided by the collector.,string,"This may contain information about the collecting event/gathering, or descriptive information about the organism.",,"Darwin Core maps occurrenceRemarks to abcd://Unit/Notes and eventRemarks to abcd://Unit/Gathering/Remarks, but botanical collecting notes often contain descriptive notes, which relate to a taxon and hence semantically fit better in occurrenceRemarks. At the same time, they fit better in abcd://Unit/Gathering/Notes, to which they were mapped in HISPID 5, in order to distinguish between notes made by the collector in the field and which refer to the Occurrence and annotations that are made in the herbarium and which refer to the PreservedSpecimen, i.e. abcd://Unit/Notes or HISPID Miscellaneous Notes (misc).",,current,https://github.com/hiscom/hispid/issues/1,occurrenceRemarks,//Unit/Gathering/Notes,cnot,cnot,,,2015-07-11,2015-07-11
Occurrence,organismQuantity,http://rs.tdwg.org/dwc/terms/,http://rs.tdwg.org/dwc/terms/organismQuantity,An indication of abundance of the taxon at the collecting locality as recorded by the collector,string,"The value should be from ""Tansley (1946) scale""",http://hiscom.rbg.vic.gov.au/hispid/vocabulary/organism_quantity.xml,"organismQuantityType  must be delivered alongside this term. Note that this is a considerable deviation from earlier versions of HISPID, where Frequency was a free text field.","""dominant"", ""rare""",proposed,https://github.com/hiscom/hispid/issues/22,organismQuantity,"//Unit/MeasurementsOrFacts/MeasurementOrFact/MeasurementOrFactAtomised[Parameter=""organismQuantity""][UnitOfMeasurement=""Tansley (1946) scale""]/LowerValue",fre,fre,//Unit/UnitExtension/hispid:HispidUnit/hispid:Frequency,,2015-07-11,2015-07-11
Occurrence,organismQuantityType,http://rs.tdwg.org/dwc/terms/,http://rs.tdwg.org/dwc/terms/organismQuantityType,The type of entity to which the number or enumeration value reported for the quantity of organisms in organismQuantity refers,string,,,,"""Tansley (1946) scale""",proposed,https://github.com/hiscom/hispid/issues/22,organismQuantityType,,,,,,2015-07-11,2015-07-11
Occurrence,establishmentMeans,http://rs.tdwg.org/dwc/terms/,http://rs.tdwg.org/dwc/terms/establishmentMeans,The process by which the individual(s) represented in the Occurrence became established at the location.,string,,http://rs.gbif.org/vocabulary/gbif/establishment_means.xml,,,current,https://github.com/hiscom/hispid/issues/4,establishmentMeans,//Unit/Gathering/EstablishmentMeans,posnat + poscul,posnat + poscul,//Unit/Gathering/EstablishmentMeans,,2015-07-11,2015-07-11
Occurrence,lifeForm,http://hiscom.chah.org.au/hispid/terms/,http://hiscom.chah.org.au/hispid/terms/lifeForm,A description of the habit or life form of the specimen on which the collection object is based.,string,,,,,discouraged,https://github.com/hiscom/hispid/issues/17,,,form,form,//Units/Unit/UnitExtension/hispid:HispidUnit/hispid:LifeForm,,2015-07-11,2015-07-11
Occurrence,lifeStage,http://rs.tdwg.org/dwc/terms/,http://rs.tdwg.org/dwc/terms/lifeStage,The life stage of the individual at the time it was collected.,string,,http://rs.gbif.org/vocabulary/gbif/sex.xml,,,under consideration,https://github.com/hiscom/hispid/issues/18,lifeStage,,,,,dwc:lifeStage,2015-07-11,2015-07-11
Occurrence,sex,http://rs.tdwg.org/dwc/terms/,http://rs.tdwg.org/dwc/terms/sex,The sex of the individual,string,,,,,under consideration,https://github.com/hiscom/hispid/issues/34,sex,//Units/Unit/Sex,,,,dwc:sex,2015-07-11,2015-07-11
Occurrence,reproductiveCondition,http://rs.tdwg.org/dwc/terms/,http://rs.tdwg.org/dwc/terms/reproductiveCondition,Reproductive condition(s) of the individual represented by the collection object.,string,,http://hiscom.rbg.vic.gov.au/hispid/vocabulary/reproductive_condition.xml,,"""flowers"", ""flowers|fruit""",current,https://github.com/hiscom/hispid/issues/12,reproductiveCondition,"//Unit/MeasurementsOrFacts/MeasurementOrFact/MeasurementOrFactAtomised[Parameter=""reproductiveCondition""]/LowerValue",phe,phe,//Unit/UnitExtension/hispid:HispidUnit/hispid:Phenology,,2015-07-11,2015-07-11
Occurrence,associatedTaxa,http://rs.tdwg.org/dwc/terms/,http://rs.tdwg.org/dwc/terms/associatedTaxa,A list of names of taxa and their associations with the Occurrence.,string,,,"The ABCD mapping using the Synecology element can only be used to transfer one association type, 'growingWith'.  Host taxa have to be delivered using a MeasurementOrFact. The HISPID 5 free text representation cannot be delivered in this element at all and needs to be delivered as part of habitat.","""host:Nothofagus cunninghamii"", ""growingWith:Eucalyptus regnans|growingWith:Atherospermum moschatum""",current,https://github.com/hiscom/hispid/issues/20,associatedTaxa,"//Unit/Gathering/Synecology/AssociatedTaxa/TaxonIdentified/ScientificName/FullScientificNameString + //Unit/MeasurementsOrFacts/MeasurementOrFact/MeasurementOrFactAtomised[Parameter=""host""]/LowerValue",asspp,asspp,,,2015-07-11,2015-07-11
Occurrence,associationType,http://hiscom.chah.org.au/hispid/terms/,http://hiscom.chah.org.au/hispid/terms/associationType,Type of association,string,To be used in combination with dwc:Taxon to make up list for associatedTaxa,http://hiscom.rbg.vic.gov.au/hispid/vocabulary/association_type.xml,"Could potentially be used for dwc:associatedOccurrences as well, in combination with a dwc:Occurrence.",,new,https://github.com/hiscom/hispid/issues/33,,,,,,,2015-07-11,2015-07-11
Occurrence,associatedSequences,http://rs.tdwg.org/dwc/terms/,http://rs.tdwg.org/dwc/terms/associatedSequences,List of identifiers for sequences associated with the collection object.,string,Use Genbank accession numbers.,,,,new,https://github.com/hiscom/hispid/issues/32,,//Sequences/Sequence/ID-in-Database,,,,,2015-07-11,2015-07-11
Occurrence,disposition,http://rs.tdwg.org/dwc/terms/,http://rs.tdwg.org/dwc/terms/disposition,Current state of the specimen with respect to the collection identified by the collectionCode and institutionCode.,string,,,,"""missing""",under consideration,https://github.com/hiscom/hispid/issues/15,,,,,,,2015-07-11,2015-07-11
Event,eventID,http://rs.tdwg.org/dwc/terms/,http://rs.tdwg.org/dwc/terms/eventID,An identifier for the set of information associated with an Event (something that occurs at a place and time).,string,May be a global unique identifier or an identifier specific to the data set.,,,,under consideration,https://github.com/hiscom/hispid/issues/2,eventID,//Unit/Gathering/Code,,,,,,
Event,parentEventID,http://rs.tdwg.org/dwc/terms/,http://rs.tdwg.org/dwc/terms/parentEventID,An identifier for the broader Event that groups this and potentially other Events.,string,May be a global unique identifier or an identifier specific to the data set. Must be an existing EventID. Could be used for collecting trips and expeditions.,,,,under consideration,https://github.com/hiscom/hispid/issues/75,parentEventID,,,,,,2015-07-19,2015-07-19
Event,habitat,http://rs.tdwg.org/dwc/terms/,http://rs.tdwg.org/dwc/terms/habitat,"Description of the habitat from where the collection object was collected, including geology and soil type, as well as the associated species.",string,,,,,current,https://github.com/hiscom/hispid/issues/23,habitat,//Unit/Gathering/Biotope/Text,hab,hab,,,2015-07-11,2015-07-11
Event,topography,http://hiscom.chah.org.au/hispid/terms/,http://hiscom.chah.org.au/hispid/terms/topography,A description of the topography of the habitat from which the collection object was collected,string,,,,,discouraged,https://github.com/hiscom/hispid/issues/23,,//Unit/Gathering/AreaDetail,top,top,,,2015-07-11,2015-07-11
Event,aspect,http://hiscom.chah.org.au/hispid/terms/,http://hiscom.chah.org.au/hispid/terms/aspect,The abbreviated aspect or outlook of the site from which the collection object was gathered.,string,,,,,discouraged,https://github.com/hiscom/hispid/issues/23,,//Unit/Gathering/Aspect/Ordination,asp,asp,,,2015-07-11,2015-07-11
Event,geologicalSubstrate,http://hiscom.chah.org.au/hispid/terms/,http://hiscom.chah.org.au/hispid/terms/geologicalSubstrate,The substrate or parent rock material in the habitat from which the collection object was collected.,string,,,,,discouraged,https://github.com/hiscom/hispid/issues/23,,"//Unit/Gathering/Biotope/MeasurementsOrFacts/MeasurementOrFact/MeasurementOrFactAtomised[Parameter=""geologicalSubstrate""]/LowerValue",sub,sub,//Unit/UnitExtension/hispid:HispidGathering/hispid:Substrate,,2015-07-11,2015-07-11
Event,substrate,http://hiscom.chah.org.au/hispid/terms/,http://hiscom.chah.org.au/hispid/terms/substrate,The material from which the collection object was collected.,string,,,,,discouraged,https://github.com/hiscom/hispid/issues/14,,"//Unit/Gathering/Biotope/MeasurementsOrFacts/MeasurementOrFact/MeasurementOrFactAtomised[Parameter=""substrate""]/LowerValue",,,,,2015-07-11,2015-07-11
Event,soil,http://hiscom.chah.org.au/hispid/terms/,http://hiscom.chah.org.au/hispid/terms/soil,Description of the surface soil type from which the collection object was collected.,string,,,,,discouraged,https://github.com/hiscom/hispid/issues/23,,"//Unit/Gathering/Biotope/MeasurementsOrFacts/MeasurementOrFact/MeasurementOrFactAtomised[Parameter=""soil""]/LowerValue",soil,soil,//Units/Unit/UnitExtension/hispid:HispidGathering/hispid:SoilType,,2015-07-11,2015-07-11
Event,vegetation,http://hiscom.chah.org.au/hispid/terms/,http://hiscom.chah.org.au/hispid/terms/vegetation,Description of the vegetation from which the specimen was collected.,string,,,,,discouraged,https://github.com/hiscom/hispid/issues/23,,"//Unit/Gathering/Biotope/MeasurementsOrFacts/MeasurementOrFact/MeasurementOrFactAtomised[Parameter=""vegetation""]/LowerValue",veg,veg,//Unit/UnitExtension/hispid:HispidGathering/hispid:Vegetation,,2015-07-11,2015-07-11
Event,eventDate,http://rs.tdwg.org/dwc/terms/,http://rs.tdwg.org/dwc/terms/eventDate,The date or period when the specimen was collected,date,ISO-8601,,,"""2014-10-03"", ""1954-11"", ""1872"", ""1971-02-03/1971-02-05""",current,,eventDate,//Unit/Gathering/DateTime/ISODateTimeBegin + //Unit/Gathering/DateTime/ISODateTimeEnd,cdat + cdat2,cdat + cdat2,,dcterms:temporal,2015-07-11,2015-07-11
Event,verbatimEventDate,http://rs.tdwg.org/dwc/terms/,http://rs.tdwg.org/dwc/terms/verbatimEventDate,The verbatim date information of when the specimen was collected,string,,,,,current,,verbatimEventDate,//Unit/Gathering/DateTime/DateText,texcdat,texcdat,,,2015-07-11,2015-07-11
Event,collectingTrip,http://hiscom.chah.org.au/hispid/terms/,http://hiscom.chah.org.au/hispid/terms/collectingTrip,The collecting trip or expedition where the specimen was collected,string,,,,,,https://github.com/hiscom/hispid/issues/8,,,,,,,2015-07-11,2015-07-11
Location,locality,http://rs.tdwg.org/dwc/terms/,http://rs.tdwg.org/dwc/terms/locality,Description of the locality from where the specimen was collected.,string,,,,,current,,locality,//Unit/Gathering/LocalityText,loc,loc,,,2015-07-11,2015-07-11
Location,verbatimLocality,http://rs.tdwg.org/dwc/terms/,http://rs.tdwg.org/dwc/terms/verbatimLocality,Verbatim locality description,string,Locality should always be delivered; only deliver verbatimLocality if stored separately from the locality.,,,,new,,verbatimLocality,//Unit/Gathering/LocalityText,loc,loc,,Iptc4xmpExt:Sublocation,2015-07-11,2015-07-11
Location,continent,http://rs.tdwg.org/dwc/terms/,http://rs.tdwg.org/dwc/terms/continent,The name of the continent in which the collecting locality is situated.,string,,,,"""Australia"", ""South America""",new,,continent,"//Unit/Gathering/NamedAreas/NamedArea[AreaClass=""continent""]/AreaName",,,,,2015-07-11,2015-07-11
Location,country,http://rs.tdwg.org/dwc/terms/,http://rs.tdwg.org/dwc/terms/country,The name of the country in which the collecting locality is situated,string,,,This may not reflect the currently political boundaries,"""Australia""",current,,country,//Unit/Gathering/Country/Name,cou,cou,,Iptc4xmpExt:CountryName,2015-07-11,2015-07-11
Location,countryCode,http://rs.tdwg.org/dwc/terms/,http://rs.tdwg.org/dwc/terms/countryCode,The standard ISO-3166 code for the country in which the collecting locality is situated.,string,ISO-3166,,,"""AU"", ""NZ""",current,,countryCode,//Unit/Gathering/Country/ISO3166Code,iso,iso,,Iptc4xmpExt:CountryCode,2015-07-11,2015-07-11
Location,stateProvince,http://rs.tdwg.org/dwc/terms/,http://rs.tdwg.org/dwc/terms/stateProvince,The name of the next smaller administrative region after country in which the collecting locality is situated.,string,,,,"""New South Wales"", ""Kalimantan Barat""",current,,stateProvince,"//Unit/Gathering/NamedAreas/NamedArea[AreaClass=""stateProvince""]/AreaName",pru,pru,//Unit/UnitExtension/hispid:HispidGathering/hispid:PrimaryRecordingUnit,Iptc4xmpExt:ProvinceState,2015-07-11,2015-07-11
Location,county,http://rs.tdwg.org/dwc/terms/,http://rs.tdwg.org/dwc/terms/county,The name of the next smaller administrative region after stateProvince in which the collecting locality is situated.,string,,,,"""Communa Cabo de Hornos""",current,,county,"//Unit/Gathering/NamedAreas/NamedArea[AreaClass=""county""]/AreaName",sru,sru,,,2015-07-11,2015-07-11
Location,waterBody,http://rs.tdwg.org/dwc/terms/,http://rs.tdwg.org/dwc/terms/waterBody,The name of the water body in which the Location occurs.,string,,,,"""Indian Ocean"", ""Bass Strait""",new,https://github.com/hiscom/hispid/issues/21,waterBody,"//Unit/Gathering/NamedAreas/NamedArea[AreaClass=""waterBody""]/AreaName",,,,,2015-07-11,2015-07-11
Location,islandGroup,http://rs.tdwg.org/dwc/terms/,http://rs.tdwg.org/dwc/terms/islandGroup,The name of the island group in which the Location occurs.,string,,,,"""Cocos Islands"", ""Auckland Islands"", ""Furneaux Islands""",new,https://github.com/hiscom/hispid/issues/21,islandGroup,"//Unit/Gathering/NamedAreas/NamedArea[AreaClass=""islandGroup""]/AreaName",,,,,2015-07-11,2015-07-11
Location,island,http://rs.tdwg.org/dwc/terms/,http://rs.tdwg.org/dwc/terms/island,The name of the island on or near which the Location occurs.,string,,,,"""Macquarie Island"", ""Flinders Island""",new,https://github.com/hiscom/hispid/issues/21,island,"//Unit/Gathering/NamedAreas/NamedArea[AreaClass=""island""]/AreaName",,,,,2015-07-11,2015-07-11
Location,decimalLatitude,http://rs.tdwg.org/dwc/terms/,http://rs.tdwg.org/dwc/terms/decimalLatitude,The geographic latitude of the collecting locality,decimal,,,,"""-27.8566666667""",current,,decimalLatitude,//Unit/Gathering/SiteCoordinateSets/SiteCoordinates/CoordinatesLatLong/LatitudeDecimal,,,,,2015-07-11,2015-07-11
Location,decimalLongitude,http://rs.tdwg.org/dwc/terms/,http://rs.tdwg.org/dwc/terms/decimalLongitude,The geodetic longitude of the collecting locality,decimal,,,,"""153.4422222222""",current,,decimalLongitude,//Unit/Gathering/SiteCoordinateSets/SiteCoordinates/CoordinatesLatLong/LongitudeDecimal,,,,,2015-07-11,2015-07-11
Location,geodeticDatum,http://rs.tdwg.org/dwc/terms/,http://rs.tdwg.org/dwc/terms/geodeticDatum,"The ellipsoid, geodetic datum, or spatial reference system (SRS) upon which the geographic coordinates given in decimalLatitude and decimalLongitude are based.",string,Use of EPSG codes is recommended.,,,"""EPSG:4326"", ""EPSG:4283""",current,,geodeticDatum,//Unit/Gathering/SiteCoordinateSets/SiteCoordinates/CoordinatesLatLong/SpatialDatum,,spadat,,,2015-07-11,2015-07-11
Location,verbatimLatitude,http://rs.tdwg.org/dwc/terms/,http://rs.tdwg.org/dwc/terms/verbatimLatitude,The verbatim original latitude for the Location,string,"The coordinate ellipsoid, geodeticDatum, or full Spatial Reference System (SRS) for these coordinates should be stored in verbatimSRS and the coordinate system should be stored in verbatimCoordinateSystem.",,,"""15° 5' 59"" S""",current,,verbatimLatitude,//Unit/Gathering/SiteCoordinateSets/SiteCoordinates/CoordinatesLatLong/VerbatimLatitude,latdeg + latmin + latsec + latdir,latdeg + latmin + latsec + latdir,,,2015-07-11,2015-07-11
Location,verbatimLongitude,http://rs.tdwg.org/dwc/terms/,http://rs.tdwg.org/dwc/terms/verbatimLongitude,The verbatim original longitude for the Location,string,"The coordinate ellipsoid, geodeticDatum, or full Spatial Reference System (SRS) for these coordinates should be stored in verbatimSRS and the coordinate system should be stored in verbatimCoordinateSystem.",,,"""153° 26' 32"" E""",current,,verbatimLongitude,//Unit/Gathering/SiteCoordinateSets/SiteCoordinates/CoordinatesLatLong/VerbatimLongitude,londeg + lonmin + lonsec + londir,londeg + lonmin + lonsec + londir,,,2015-07-11,2015-07-11
Location,verbatimCoordinates,http://rs.tdwg.org/dwc/terms/,http://rs.tdwg.org/dwc/terms/verbatimCoordinates,The verbatim original geographic coordinates for the Location,string,"Use for UTM type coordinates. The coordinate ellipsoid, geodeticDatum, or full Spatial Reference System (SRS) for these coordinates should be stored in verbatimSRS and the coordinate system should be stored in verbatimCoordinateSystem.",,,"""MGA 55 568183 5288204""",current,,verbatimCoordinates,//Unit/Gathering/SiteCoordinateSets/SiteCoordinates/CoordinatesUTM/UTMZone + //Unit/Gathering/SiteCoordinateSets/SiteCoordinates/CoordinatesUTM/UTMEasting + //Unit/Gathering/SiteCoordinateSets/SiteCoordinates/CoordinatesUTM/UTMNorthing,,sqz + sge + sgn,,,2015-07-11,2015-07-11
Location,verbatimCoordinateSystem,http://rs.tdwg.org/dwc/terms/,http://rs.tdwg.org/dwc/terms/verbatimCoordinateSystem,The spatial coordinate system for the verbatimLatitude and verbatimLongitude or the verbatimCoordinates of the Location.,string,Recommended best practice is to use a controlled vocabulary.,http://hiscom.rbg.vic.gov.au/hispid/vocabulary/verbatim_coordinate_system.xml,,"""decimal degrees"", ""UTM"", ""NZMG""",new,,verbatimCoordinateSystem,,,,,,2015-07-11,2015-07-11
Location,verbatimSRS,http://rs.tdwg.org/dwc/terms/,http://rs.tdwg.org/dwc/terms/verbatimSRS,"The ellipsoid, geodetic datum, or spatial reference system (SRS) upon which coordinates given in verbatimLatitude and verbatimLongitude, or verbatimCoordinates are based",string,"Recommended best practice is use the EPSG code as a controlled vocabulary to provide an SRS, if know",,,"""EPSG:28352""",current,,verbatimSRS,,sgp,spapro,,,2015-07-11,2015-07-11
Location,coordinatePrecision,http://rs.tdwg.org/dwc/terms/,http://rs.tdwg.org/dwc/terms/coordinatePrecision,A decimal representation of the precision of the coordinates given in the decimalLatitude and decimalLongitude,decimal,,,,"""0.016667"", ""0.0002778""",new,,coordinatePrecision,,,,,,2015-07-11,2015-07-11
Location,coordinateUncertaintyInMeters,http://rs.tdwg.org/dwc/terms/,http://rs.tdwg.org/dwc/terms/coordinateUncertaintyInMeters,Estimate of the maximum horizontal distance between the point referenced by the decimalLatitude and decimalLongitude and the actual location the collection took place.,decimal,,,"Historically many Australian herbaria have used classes to record the uncertainty in meters, for example 0–50 m, 50–1000 m, 1000–10000 m, 10000–25000 m, > 25000 m. The upper limit of these classes is delivered as coordinateUncertainty.",,current,,coordinateUncertaintyInMeters,//Unit/Gathering/SiteCoordinateSets/SiteCoordinates/CoordinatesLatLong/CoordinateErrorDistanceInMeters,geoacy,geoacy,,,2015-07-11,2015-07-11
Location,georeferencedBy,http://rs.tdwg.org/dwc/terms/,http://rs.tdwg.org/dwc/terms/georeferencedBy,"Name(s) of person(s), group(s) or organisation(s) who took the georeference of the Location",string,,,,"""National Herbarium of Victoria (MEL)"", ""Walsh, N.G.""",new,https://github.com/hiscom/hispid/issues/13,georeferencedBy,"//Unit/Gathering/SiteMeasurementsOrFacts/SiteMeasurementOrFact/MeasurementOrFactAtomised[Parameter=""georeferencedBy""]/LowerValue",geosou p.p.,geosou p.p.,,,2015-07-11,2015-07-11
Location,georeferenceProtocol,http://rs.tdwg.org/dwc/terms/,http://rs.tdwg.org/dwc/terms/georeferenceProtocol,A description of or reference to the methods used to determine the geographic coordinates of the Location.,string,,,,"""GEOLocate""",current,https://github.com/hiscom/hispid/issues/13,georeferenceProtocol,//Unit/Gathering/SiteCoordinateSets/SiteCoordinates/CoordinateMethod,geosou p.p.,geosou p.p.,,,2015-07-11,2015-07-11
Location,georeferencedDate,http://rs.tdwg.org/dwc/terms/,http://rs.tdwg.org/dwc/terms/georeferencedDate,The date on which the Location was georeferenced.,string,"Recommended best practice is to use an encoding scheme, such as ISO 8601:2004(E).",,,,new,,georeferencedDate,"//Unit/Gathering/SiteMeasurementsOrFacts/SiteMeasurementOrFact/MeasurementOrFactAtomised[Parameter=""georeferencedDate""]/LowerValue",,,,,2015-07-11,2015-07-11
Location,georeferenceSources,http://rs.tdwg.org/dwc/terms/,http://rs.tdwg.org/dwc/terms/georeferenceSources,"A list of maps, gazetteers, or other resources used to georeference the Location, described specifically enough to allow anyone in the future to use the same resource.",string,,,,,new,,georeferenceSources,//Unit/Gathering/SiteCoordinateSets/SiteCoordinates/GeoreferenceSources,,,,,2015-07-11,2015-07-11
Location,georeferenceVerificationStatus,http://rs.tdwg.org/dwc/terms/,http://rs.tdwg.org/dwc/terms/georeferenceVerificationStatus,A categorical description of the extent to which the georeference has been verified to represent the best possible spatial descript,string,Recommended best practice is to use a controlled vocabulary.,http://hiscom.rbg.vic.gov.au/hispid/vocabulary/georeference_verification_status.xml,,,new,https://github.com/hiscom/hispid/issues/19,georeferenceVerificationStatus,//Unit/Gathering/SiteCoordinateSets/SiteCoordinates/GeoreferenceVerificationStatus,,,,,2015-07-11,2015-07-11
Location,georeferenceRemarks,http://rs.tdwg.org/dwc/terms/,http://rs.tdwg.org/dwc/terms/georeferenceRemarks,"Notes or comments about the spatial description determination, explaining assumptions made in addition or opposition to the those formalised in the method referred to in georeferenceProtocol.",string,,,,,new,,georeferenceRemarks,//Unit/Gathering/SiteCoordinateSets/SiteCoordinates/GeoreferenceRemarks,,,,,2015-07-11,2015-07-11
Location,nearestNamedPlace,http://hiscom.chah.org.au/hispid/terms/,http://hiscom.chah.org.au/hispid/terms/nearestNamedPlace,The nearest named place to the collecting locality. ,string,,,We do not want to use this as generalised locality any more. There are still two use cases: (1) a nearest named placed given by a collector when the collecting locality doesn't have a name or is obscure and (2) the place name the georeference is based on when the name of the locality can't be found in any gazetteer. The latter use case probably desrves its own term.,,under consideration,,,//Unit/Gathering/NearNamedPlaces/NamedPlaceRelation/NearNamedPlace,nnp,nnp,,,2015-07-11,2015-07-11
Location,minimumElevationInMeters,http://rs.tdwg.org/dwc/terms/,http://rs.tdwg.org/dwc/terms/minimumElevationInMeters,Elevation or lower value of a range of elevation in metres.,decimal,,,,,current,,minimumElevationInMeters,"//Unit/Gathering/Altitude/MeasurementOrFactAtomised[UnitOfMeasurement=""metres""]/LowerValue",alt,alt,,,2015-07-11,2015-07-11
Location,maximumElevationInMeters,http://rs.tdwg.org/dwc/terms/,http://rs.tdwg.org/dwc/terms/maximumElevationInMeters,Higher value of the range of elevation in metres.,decimal,,,,,current,,maximumElevationInMeters,"//Unit/Gathering/Altitude/MeasurementOrFactAtomised[UnitOfMeasurement=""metres""]/UpperValue",altx,altx,,,2015-07-11,2015-07-11
Location,verbatimElevation,http://rs.tdwg.org/dwc/terms/,http://rs.tdwg.org/dwc/terms/verbatimElevation,The original description of the elevation as provided by the collector.,string,,,,,new,,verbatimElevation,//Unit/Gathering/Altitude/MeasurementOrFactText,,,,,2015-07-11,2015-07-11
Location,elevationMethod,http://hiscom.chah.org.au/hispid/terms/,http://hiscom.chah.org.au/hispid/terms/elevationMethod,Method by which the elevation was determined.,string,,http://hiscom.rbg.vic.gov.au/hispid/vocabulary/elevation_method.xml,,,current,,,,altdet,altdet,,,2015-07-11,2015-07-11
Location,minimumDepthInMeters,http://rs.tdwg.org/dwc/terms/,http://rs.tdwg.org/dwc/terms/minimumDepthInMeters,Depth or the lesser of a range of depth below the local surface in metres.,decimal,,,,,current,,minimumDepthInMeters,"//Unit/Gathering/Depth/MeasurementOrFactAtomised/LowerValue with
//Unit/Gathering/Depth/MeasurementOrFactAtomised/UnitOfMeasurement = 'metres'",dep,dep,,,2015-07-11,2015-07-11
Location,maximumDepthInMeters,http://rs.tdwg.org/dwc/terms/,http://rs.tdwg.org/dwc/terms/maximumDepthInMeters,The greater of a range of depths below the local surface in metres.,decimal,,,,,current,,maximumDepthInMeters,"//Unit/Gathering/Depth/MeasurementOrFactAtomised/UpperValue with
//Unit/Gathering/Depth/MeasurementOrFactAtomised/UnitOfMeasurement = 'metres'",depx,depx,,,2015-07-11,2015-07-11
Location,verbatimDepth,http://rs.tdwg.org/dwc/terms/,http://rs.tdwg.org/dwc/terms/verbatimDepth,"Verbatim description of the depth, as provided by the collector.",string,,,,,new,,verbatimDepth,//Unit/Gathering/Depth/MeasurementOrFactText,,,,,2015-07-11,2015-07-11
Identification,identificationID,http://rs.tdwg.org/dwc/terms/,http://rs.tdwg.org/dwc/terms/identificationID,Identifier for the Identification,string,Use of a UUID is recommended.,,,,current,https://github.com/hiscom/hispid/issues/2,identificationID,,,,,,2015-07-11,2015-07-11
Identification,identificationQualifier,http://rs.tdwg.org/dwc/terms/,http://rs.tdwg.org/dwc/terms/identificationQualifier,A brief phrase or standard term to express doubt about an identification.,string,,,,,current,,identificationQualifier,"//Unit/Identifications/Identification[PreferredFlag=""true""]/Result/TaxonIdentified/ScientificName/IdentificationQualifier + //Unit/Identifications/Identification[PreferredFlag=""true""]/Result/TaxonIdentified/ScientificName/IdentificationQualifier[@insertionpoint]",idql,idql,,dwc:identificationQualifier,2015-07-11,2015-07-11
Identification,identificationQualifierRank,http://hiscom.chah.org.au/hispid/terms/,http://hiscom.chah.org.au/hispid/terms/identificationQualifier,Rank at which the identificationQualifier applies,string,,,,,current,,identificationQualifier,,rkql,rkql,,,2015-07-11,2015-07-11
Identification,nameAddendum,http://hiscom.chah.org.au/hispid/terms/,http://hiscom.chah.org.au/hispid/terms/nameAddendum,A suffix added after the scientific name to indicate aggregate taxa or  more or less inclusive taxon concepts,string,,http://hiscom.rbg.vic.gov.au/hispid/vocabulary/name_addendum.xml,,,current,,,"//Unit/Identifications/Identification[PreferredFlag=""true""]/Result/TaxonIdentified/ScientificName/NameAddendum",spql,spql,,,2015-07-11,2015-07-11
Identification,identificationVerificationStatus,http://rs.tdwg.org/dwc/terms/,http://rs.tdwg.org/dwc/terms/identificationVerificationStatus,"Verification status of the identification, or an indication of how reliable the identification is deemed to be.",string,,,,,under consideration,https://github.com/hiscom/hispid/issues/16,identificationVerificationStatus,//Unit/Identifications/Identification/VerificationLevel,vlev,vlev,,,2015-07-11,2015-07-11
Identification,identifierRole,http://hiscom.chah.org.au/hispid/terms/,http://hiscom.chah.org.au/hispid/terms/identifierRole,Categorical indicator of the type of contribution made by the determiner.,string,,http://hiscom.rbg.vic.gov.au/hispid/vocabulary/identifier_role.xml,,,current,https://github.com/hiscom/hispid/issues/31,,//Unit/Identifications/Identification/Identifiers/IdentifierRole,det,det,,,2015-07-11,2015-07-11
Identification,identifiedBy,http://rs.tdwg.org/dwc/terms/,http://rs.tdwg.org/dwc/terms/identifiedBy,"The name(s) of people, groups, or organisations who  identified the collection object.",string,,,,,current,,identifiedBy,//Unit/Identifications/Identification/Identifiers/IdentifiersText,vnam,vnam,,dwc:identifiedBy,2015-07-11,2015-07-11
Identification,dateIdentified,http://rs.tdwg.org/dwc/terms/,http://rs.tdwg.org/dwc/terms/dateIdentified,The date on which the collection object was identified.,date,,,,,current,,dateIdentified,//Unit/Identifications/Identification/Date/ISODateTimeBegin,vdat,vdat,,dwc:dateIdentified,2015-07-11,2015-07-11
Identification,verbatimDateIdentified,http://hiscom.chah.org.au/hispid/terms/,http://hiscom.chah.org.au/hispid/terms/verbatimDateIdentified,The verbatim date of the Identification.,string,,,,,current,,,//Unit/Identifications/Identification/Date/DateText,textvdat,textvdat,,,2015-07-11,2015-07-11
Identification,identificationReferences,http://rs.tdwg.org/dwc/terms/,http://rs.tdwg.org/dwc/terms/identificationReferences,References used for the Identification.,string,,,,,current,https://github.com/hiscom/hispid/issues/16,identificationReferences,,vlit,vlit,,,2015-07-11,2015-07-11
Identification,previousIdentifications,http://rs.tdwg.org/dwc/terms/,http://rs.tdwg.org/dwc/terms/previousIdentifications,Previous identifications of the collection object.,string,It is preferrable to use the repeatable Identification elements in ABCD or the Identification extension in Darwin Core.,,,,current,,previousIdentifications,"//Unit/Identifications/Identification[PreferredFlag=""FALSE""]/*
or
//Unit/Identifications/IdentificationHistory",vhist,vhist,,,2015-07-11,2015-07-11
Identification,identificationRemarks,http://rs.tdwg.org/dwc/terms/,http://rs.tdwg.org/dwc/terms/identificationRemarks,Any additional comments made by the determiner as part of the Identification.,string,,,,,current,,identificationRemarks,//Unit/Identifications/Identification/Notes,,idcom,,,2015-07-11,2015-07-11
Identification,typeStatusQualifier,http://hiscom.chah.org.au/hispid/terms/,http://hiscom.chah.org.au/hispid/terms/typeStatusQualifier,Standard term to qualify the type status designation.,string,,http://hiscom.rbg.vic.gov.au/hispid/vocabulary/type_status_qualifier.xml,,,current,,,//Unit/SpecimenUnit/NomenclaturalTypeDesignations/NomenclaturalTypeDesignation[0]/DoubtfulFlag,tql,tql,,,2015-07-11,2015-07-11
Identification,typeStatus,http://hiscom.chah.org.au/hispid/terms/,http://hiscom.chah.org.au/hispid/terms/typeStatus,Code indicating the type status of the collection object.,string,,http://hiscom.rbg.vic.gov.au/hispid/vocabulary/type_status.xml,"typeStatus has been placed in the HISPID namespace, even though it is available in Darwin Core, because our use is different. In contrast to Darwin Core, in HISPID typeStatus and typifiedName have been separated. Having typeStatus in the HISPID namespace allows us to transfer the type status including or excluding the typified name depending on what circumstances require.",,current,https://github.com/hiscom/hispid/issues/50,typeStatus,//Unit/SpecimenUnit/NomenclaturalTypeDesignations/NomenclaturalTypeDesignation[0]/TypeStatus,tsta,tsta,,,2015-07-11,2015-07-11
Identification,typifiedName,http://hiscom.chah.org.au/hispid/terms/,http://hiscom.chah.org.au/hispid/terms/typifiedName,The scientific name of which the collection object is a type.,string,,,,,current,,,//Unit/SpecimenUnit/NomenclaturalTypeDesignations/NomenclaturalTypeDesignation[0]/TypifiedName/FullScientificNameString,basnam,basnam,,,2015-07-11,2015-07-11
Taxon,taxonRank,http://rs.tdwg.org/dwc/terms/,http://rs.tdwg.org/dwc/terms/taxonRank,Taxonomic rank of the taxon to which the collection object has been identified.,string,,http://rs.gbif.org/vocabulary/gbif/rank.xml,,"""subspecies""",current,,taxonRank,,,,,,2015-07-11,2015-07-11
Taxon,kingdom,http://rs.tdwg.org/dwc/terms/,http://rs.tdwg.org/dwc/terms/kingdom,Full scientific name of the kingdom in which the taxon is classified,string,,,,"""Plantae""",current,,kingdom,"//Unit/Identifications/Identification/Result/TaxonIdentified/HigherTaxa/HigherTaxon[HigherTaxonRank=""regnum""]/HigherTaxonName",,,,,2015-07-11,2015-07-11
Taxon,phylum,http://rs.tdwg.org/dwc/terms/,http://rs.tdwg.org/dwc/terms/phylum,Full scientific name of the phylum in which the taxon is classified,string,,,,"""Streptophyta""",current,,phylum,"//Unit/Identifications/Identification/Result/TaxonIdentified/HigherTaxa/HigherTaxon[HigherTaxonRank=""phylum""]/HigherTaxonName",,,,,2015-07-11,2015-07-11
Taxon,class,http://rs.tdwg.org/dwc/terms/,http://rs.tdwg.org/dwc/terms/class,Full scientific name of the class in which the taxon is classified,string,,,,"""Equisetopsida""",current,,class,"//Unit/Identifications/Identification/Result/TaxonIdentified/HigherTaxa/HigherTaxon[HigherTaxonRank=""classis""]/HigherTaxonName",,,,,2015-07-11,2015-07-11
Taxon,order,http://rs.tdwg.org/dwc/terms/,http://rs.tdwg.org/dwc/terms/order,Full scientific name of the order in which the taxon is classified,string,,,,"""Fabales""",current,,order,"//Unit/Identifications/Identification/Result/TaxonIdentified/HigherTaxa/HigherTaxon[HigherTaxonRank=""ordo""]/HigherTaxonName",,,,,2015-07-11,2015-07-11
Taxon,family,http://rs.tdwg.org/dwc/terms/,http://rs.tdwg.org/dwc/terms/family,Full scientific name of the order in which the family is classified,string,,,,"""Fabaceae""",current,,family,"//Unit/Identifications/Identification/Result/TaxonIdentified/HigherTaxa/HigherTaxon[HigherTaxonRank=""familia""]/HigherTaxonName",fam,fam,,,2015-07-11,2015-07-11
Taxon,genus,http://rs.tdwg.org/dwc/terms/,http://rs.tdwg.org/dwc/terms/genus,Full scientific name of the order in which the genus is classified,string,,,,"""Acacia""",current,,genus,//Unit/Identifications/Identification/Result/TaxonIdentified/ScientificName/NameAtomised/Botanical/GenusOrMonomial,gen,gen,,,2015-07-11,2015-07-11
Taxon,specificEpithet,http://rs.tdwg.org/dwc/terms/,http://rs.tdwg.org/dwc/terms/specificEpithet,Species epithet of the scientific name.,string,,,,"""dealbata""",current,,specificEpithet,//Unit/Identifications/Identification/Result/TaxonIdentified/ScientificName/NameAtomised/Botanical/FirstEpithet,,sp,,,2015-07-11,2015-07-11
Taxon,infraspecificEpithet,http://rs.tdwg.org/dwc/terms/,http://rs.tdwg.org/dwc/terms/infraspecificEpithet,Infraspecific epithet of the scientific name.,string,,,,"""subalpina""",current,,infraspecificEpithet,//Unit/Identifications/Identification/Result/TaxonIdentified/ScientificName/NameAtomised/Botanical/InfraspecificEpithet,isp,isp,,,2015-07-11,2015-07-11
Taxon,scientificNameID,http://rs.tdwg.org/dwc/terms/,http://rs.tdwg.org/dwc/terms/scientificNameID,An identifier for the nomenclatural (not taxonomic) details of a scientific name.,string,,,,,under consideration,,scientificNameID,,,,,dwc:scientificNameID,2015-07-11,2015-07-11
Taxon,scientificName,http://rs.tdwg.org/dwc/terms/,http://rs.tdwg.org/dwc/terms/scientificName,Full scientific name with authorship,string,,,,"""Dicranoloma menziesii (Taylor) Renauld""",current,,scientificName,//Unit/Identifications/Identification/Result/TaxonIdentified/ScientificName/FullScientificNameString,fulnam,fulnam,,dwc:scientificName,2015-07-11,2015-07-11
Taxon,scientificNameAuthorship,http://rs.tdwg.org/dwc/terms/,http://rs.tdwg.org/dwc/terms/scientificNameAuthorship,Authorship of the scientific name formatted to the conventions of the applicable nomenclatural code.,string,,,"The parsing of the authorship into the authorship of the basionym and of the combination, as ABCD does, is discouraged. Also in ABCD the entire authorship should be delivered in AuthorTeam.","""L."", ""(Taylor) Renauld""",current,,scientificNameAuthorship,//Unit/Identifications/Identification/Result/TaxonIdentified/ScientificName/NameAtomised/Botanical/AuthorTeam,spau/ispau,spau/ispau,,,2015-07-11,2015-07-11
Taxon,nomenclaturalCode,http://rs.tdwg.org/dwc/terms/,http://rs.tdwg.org/dwc/terms/nomenclaturalCode,Nomenclatural code under which the scientific name is applied.,string,,http://rs.gbif.org/vocabulary/gbif/nomenclatural_code.xml,,"""ICBN"", ""ICNCP""",new,,nomenclaturalCode,,,,,,2015-07-11,2015-07-11
Taxon,taxonRemarks,http://rs.tdwg.org/dwc/terms/,http://rs.tdwg.org/dwc/terms/taxonRemarks,,,,,,,under consideration,https://github.com/hiscom/hispid/issues/66,taxonRemarks,//Unit/Identifications/Identification/Result/TaxonIdentified/NameComments,namcom,namcom,,,2015-07-11,2015-07-11
Taxon,vernacularName,http://rs.tdwg.org/dwc/terms/,http://rs.tdwg.org/dwc/terms/vernacularName,A vernacular name assigned to the specimen.,string,,,"Only use when provided by the collector, e.g. when the collection is a result of ethnobotanical study.",,current,,vernacularName,,vernam,vernam,,dwc:vernacularName,2015-07-11,2015-07-11
Taxon,cultivarGroupName,http://hiscom.chah.org.au/hispid/terms/,http://hiscom.chah.org.au/hispid/terms/cultivarGroupName,Cultivar group name,string,Follow the conventions in the ICNCP.,,,,current,,,//Unit/Identifications/Identification/Result/TaxonIdentified/ScientificName/NameAtomised/Botanical/CultivarGroupName,culgnam,culgnam,,,2015-07-11,2015-07-11
Taxon,cultivarName,http://hiscom.chah.org.au/hispid/terms/,http://hiscom.chah.org.au/hispid/terms/cultivarName,Cultivar name,string,Follow the conventions in the ICNCP.,,,,current,,,//Unit/Identifications/Identification/Result/TaxonIdentified/ScientificName/NameAtomised/Botanical/CultivarGroupName,culnam,culnam,,,2015-07-11,2015-07-11
Taxon,tradeDesignation,http://hiscom.chah.org.au/hispid/terms/,http://hiscom.chah.org.au/hispid/terms/tradeDesignation,Trade designation,string,Follow the conventions in the ICNCP.,,,,current,,,//Unit/Identifications/Identification/Result/TaxonIdentified/ScientificName/NameAtomised/Botanical/TradeDesignationNames,tranam,tranam,,,2015-07-11,2015-07-11
Taxon,hybridFlag,http://hiscom.chah.org.au/hispid/terms/,http://hiscom.chah.org.au/hispid/terms/hybridFlag,"Flag to indicate whether the plant name refers to a hybrid, graft chimaera or intergrade, without reference to rank.",string,,,"The ABCD and HISPID 5 //Unit/Identifications/Identification/Result/TaxonIdentified/ScientificName/NameAtomised/Botanical/HybridFlag only applies to hybrid names (hybridFlag:""x"").",,under consideration,https://github.com/hiscom/hispid/issues/11,,,hyb,hyb,,,2015-07-11,2015-07-11
Taxon,hybridParent1,http://hiscom.chah.org.au/hispid/terms/,http://hiscom.chah.org.au/hispid/terms/hybridParent1,Scientific name of the first parent of a hybrid,string,,,,,under consideration,https://github.com/hiscom/hispid/issues/11,,,,,,,2015-07-11,2015-07-11
Taxon,hybridParent2,http://hiscom.chah.org.au/hispid/terms/,http://hiscom.chah.org.au/hispid/terms/hybridParent2,Scientific name of the second parent of a hybrid,string,,,,,under consideration,https://github.com/hiscom/hispid/issues/11,,,genhy2,genhy2,,,2015-07-11,2015-07-11
PreservedSpecimen,miscellaneousRemarks,http://hiscom.chah.org.au/hispid/terms/,http://hiscom.chah.org.au/hispid/terms/miscellaneousRemarks,Any additional information to be transferred pertaining to the collection object.,string,,,,,current,https://github.com/hiscom/hispid/issues/1,,//Unit/Notes,misc,misc,,,2015-07-11,2015-07-11
PreservedSpecimen,exsiccataSeries,http://hiscom.chah.org.au/hispid/terms/,http://hiscom.chah.org.au/hispid/terms/exsiccataSeries,Exsiccata series,,,,,,new,https://github.com/hiscom/hispid/issues/7,,,,,,,2015-07-11,2015-07-11
PreservedSpecimen,exsiccataFascicle,http://hiscom.chah.org.au/hispid/terms/,http://hiscom.chah.org.au/hispid/terms/exsiccataFascicle,Fascicle in exsiccata series,,,,,,new,https://github.com/hiscom/hispid/issues/7,,,,,,,2015-07-11,2015-07-11
PreservedSpecimen,exsiccataNumber,http://hiscom.chah.org.au/hispid/terms/,http://hiscom.chah.org.au/hispid/terms/exsiccataNumber,Number in exsiccata series,,,,,,new,https://github.com/hiscom/hispid/issues/7,,,,,,,2015-07-11,2015-07-11
PreservedSpecimen,voucherFor,http://hiscom.chah.org.au/hispid/terms/,http://hiscom.chah.org.au/hispid/terms/voucherFor,Term to indicate the collection object has served as a voucher for a special purpose.,string,,http://hiscom.rbg.vic.gov.au/hispid/vocabulary/voucher_for.xml,,,current,,,"//Unit/MeasurementsOrFacts/MeasurementOrFact/MeasurementOrFactAtomised[Parameter=""voucher""]/LowerValue",vou,vou,,,2015-07-11,2015-07-11
PreservedSpecimen,provenanceTypeFlag,http://hiscom.chah.org.au/hispid/terms/,http://hiscom.chah.org.au/hispid/terms/provenanceTypeFlag,Code to indicate the type of provenance of the cultivated material from which this collection object was taken.,string,Use ITF2 codes,http://hiscom.rbg.vic.gov.au/hispid/vocabulary/provenance_type_flag.xml,,,current,https://github.com/hiscom/hispid/issues/54,,"//Unit/MeasurementsOrFacts/MeasurementOrFact/MeasurementOrFactAtomised[Parameter=""provenanceTypeFlag""]/LowerValue",prot,prot,//Unit/UnitExtension/hispid:HispidUnit/hispid:ProvenanceType,,2015-07-11,2015-07-11
PreservedSpecimen,cultivatedPlantProvenance,http://hiscom.chah.org.au/hispid/terms/,http://hiscom.chah.org.au/hispid/terms/cultivatedPlantProvenance,Descriptive and coded information that describes the geographic position from which the source material of the cultivated plant from which the collection object was taken was collected.,string,"Preferrably this information is databased and delivered as a related resource, using all relevant elements from the relevant standard; if this is not feasible, the information can be delivered as free text, providing as much detail as possible.",,,,current,https://github.com/hiscom/hispid/issues/59,,,,,,,2015-07-11,2015-07-11
Transaction,donor,http://hiscom.chah.org.au/hispid/terms/,http://hiscom.chah.org.au/hispid/terms/donor,"The person, business or institution from which the collection object was obtained.",string,,,,,under consideration,,,//Units/Unit/SpecimenUnit/Acquisition/AcquisitionSourceText,don,don,/Unit/SpecimenUnit/Acquisition/AcquiredFrom/*,,2015-07-11,2015-07-11
Transaction,duplicatesDistributedTo,http://hiscom.chah.org.au/hispid/terms/,http://hiscom.chah.org.au/hispid/terms/duplicatesDistributedTo,List of institutions replicates have been sent to.,string,Use Index Herbariorum acronyms.,,,"""PERTH"", ""CANB|NSW""",under consideration,,,//Unit/SpecimenUnit/DuplicatesDistributedTo,desrep,desrep,,,2015-07-11,2015-07-11
Transaction,loanIdentifier,http://hiscom.chah.org.au/hispid/terms/,http://hiscom.chah.org.au/hispid/terms/loanIdentifier,The number assigned to the loan by the lending institution.,string,,,,,current,,,//Unit/HerbariumUnit/LoanIdentifier,loaid,loaid,,,2015-07-11,2015-07-11
Transaction,loanDestination,http://hiscom.chah.org.au/hispid/terms/,http://hiscom.chah.org.au/hispid/terms/loanDestination,Institution to which the loan is sent.,string,Preferrably an Index Herbriorum acronym is used.,,,,current,,,//Unit/HerbariumUnit/LoanDestination,loades,loades,,,2015-07-11,2015-07-11
Transaction,loanForBotanist,http://hiscom.chah.org.au/hispid/terms/,http://hiscom.chah.org.au/hispid/terms/loanForBotanist,Name(s) of the botanist(s) for whom the loan is intended.,string,,,,,current,,,//Unit/HerbariumUnit/LoanForBotanist,loabot,loabot,,,2015-07-11,2015-07-11
Transaction,loanDate,http://hiscom.chah.org.au/hispid/terms/,http://hiscom.chah.org.au/hispid/terms/loanDate,The date the loan is prepared and/or sent.,string,,,,,current,,,//Unit/HerbariumUnit/LoanDate,loadat,loadat,,,2015-07-11,2015-07-11
Transaction,loanReturnDate,http://hiscom.chah.org.au/hispid/terms/,http://hiscom.chah.org.au/hispid/terms/loanReturnDate,The date the loan is due to be returned.,string,,,,,current,,,//Unit/HerbariumUnit/LoanReturnDate,loaret,loaret,,,2015-07-11,2015-07-11
Permit,permitType,http://hiscom.chah.org.au/hispid/terms/,http://hiscom.chah.org.au/hispid/terms/permitType,Type of permit.,string,,,,"""collecting permit"", ""export permit""",new,,,,,,,,2015-07-11,2015-07-11
Permit,permitReferenceNumber,http://hiscom.chah.org.au/hispid/terms/,http://hiscom.chah.org.au/hispid/terms/permitReferenceNumber,Reference number allocated to the permit by the issuing authority.,string,,,,,new,,,,,,,,2015-07-11,2015-07-11
Permit,permitIssuedBy,http://hiscom.chah.org.au/hispid/terms/,http://hiscom.chah.org.au/hispid/terms/permitIssuedBy,Name of the authority by whom the permit was issued.,string,,,,,new,https://github.com/hiscom/hispid/issues/10,,,,,,,2015-07-11,2015-07-11
Permit,permitIssuedTo,http://hiscom.chah.org.au/hispid/terms/,http://hiscom.chah.org.au/hispid/terms/permitIssuedTo,Name(s) of the person(s) or organisation to whom the permit was issued.,string,,,,,new,https://github.com/hiscom/hispid/issues/10,,,,,,,2015-07-11,2015-07-11
Permit,permitIssuedDate,http://hiscom.chah.org.au/hispid/terms/,http://hiscom.chah.org.au/hispid/terms/permitIssuedDate,Date the permit was issued.,date,,,,,new,https://github.com/hiscom/hispid/issues/10,,,,,,,2015-07-11,2015-07-11
Permit,permitValidDate,http://hiscom.chah.org.au/hispid/terms/,http://hiscom.chah.org.au/hispid/terms/permitValidDate,Date or period for which the permit is valid.,date,ISO-8601,,,,new,https://github.com/hiscom/hispid/issues/10,,,,,,,2015-07-11,2015-07-11
Permit,permitStatus,http://hiscom.chah.org.au/hispid/terms/,http://hiscom.chah.org.au/hispid/terms/permitStatus,Status of the permit.,string,,http://hiscom.rbg.vic.gov.au/hispid/vocabulary/permit_status.xml,,,new,https://github.com/hiscom/hispid/issues/10,,,,,,,2015-07-11,2015-07-11
Permit,permitConditions,http://hiscom.chah.org.au/hispid/terms/,http://hiscom.chah.org.au/hispid/terms/permitConditions,"Conditions on the permit, which may affect how the specimens collected under the permit may be used or distributed.",string,,,,,new,https://github.com/hiscom/hispid/issues/10,,,,,,,2015-07-11,2015-07-11
Permit,permitRemarks,http://hiscom.chah.org.au/hispid/terms/,http://hiscom.chah.org.au/hispid/terms/permitRemarks,Any additional comments pertaining to the permit.,string,,,,,new,https://github.com/hiscom/hispid/issues/10,,,,,,,2015-07-11,2015-07-11
Permit,permitLink,http://hiscom.chah.org.au/hispid/terms/,http://hiscom.chah.org.au/hispid/terms/permitLink,The link to an electronic version of the permit.,string,,,,,new,https://github.com/hiscom/hispid/issues/10,,,,,,,2015-07-11,2015-07-11
MediaItem,creator,http://purl.org/dc/elements/1.1/,http://purl.org/dc/elements/1.1/creator,Creator of the media object.,string,,,,,under consideration,https://github.com/hiscom/hispid/issues/65,,,,,,dc:creator,2015-07-11,2015-07-11
MediaItem,createDate,http://ns.adobe.com/xap/1.0/,http://ns.adobe.com/xap/1.0/CreateDate,"Date the media object, or its source, was created.",dateTime,ISO-8601,,,,under consideration,,,,,,,xmp:CreateDate,2015-07-11,2015-07-11
MediaItem,digitizationDate,http://rs.tdwg.org/ac/terms/,http://rs.tdwg.org/ac/terms/digitizationDate,Date the media object was created.,dateTime,ISO-8601,,,,under consideration,,,,,,,ac:digitizationDate,2015-07-11,2015-07-11
MediaItem,source,http://purl.org/dc/elements/1.1/,http://purl.org/dc/elements/1.1/source,"Original source of the media object, if the resource was digitised from a non-digital source.",string,,,,,under consideration,,,,,,,dc:source,2015-07-11,2015-07-11
MediaItem,title,http://purl.org/dc/terms/,http://purl.org/dc/terms/title,"Title of the media object, including subtitles, if any.",string,,,,,under consideration,,,,,,,dcterms:title,2015-07-11,2015-07-11
MediaItem,description,http://purl.org/dc/terms/,http://purl.org/dc/terms/description,Description of the media resource.,string,,,,,under consideration,,,,,,,dcterms:description,2015-07-11,2015-07-11
MediaItem,caption,http://rs.tdwg.org/ac/terms/,http://rs.tdwg.org/ac/terms/caption,Free-form text to be displayed together with (rather than instead of) a media object that is suitable for captions.,string,,,,,under consideration,,,,,,,ac:caption,2015-07-11,2015-07-11
MediaItem,physicalSetting,http://rs.tdwg.org/ac/terms/,http://rs.tdwg.org/ac/terms/physicalSetting,The setting of the content represented in the media object,string,,natural|artificial|edited,,,under consideration,,,,,,,ac:physicalSetting,2015-07-11,2015-07-11
MediaItem,subjectCategory,http://iptc.org/std/Iptc4xmpExt/2008-02-29/,http://iptc.org/std/Iptc4xmpExt/2008-02-29/Cvterm,Broad subject or context of the media object.,string,,Under consideration,,,under consideration,https://github.com/hiscom/hispid/issues/5,,,,,,Iptc4xmpExt:CVterm,2015-07-11,2015-07-11
MediaItem,tag,http://rs.tdwg.org/ac/terms/,http://rs.tdwg.org/ac/terms/tag,Tag or keyword.,string,,,,,under consideration,,,,,,,ac:tag,2015-07-11,2015-07-11
MediaItem,subjectPart,http://rs.tdwg.org/ac/terms/,http://rs.tdwg.org/ac/terms/subjectPart,Part of the subject that is imaged.,string,,,,,under consideration,,,,,,,ac:subjectPart,2015-07-11,2015-07-11
MediaItem,subjectOrientation,http://rs.tdwg.org/ac/terms/,http://rs.tdwg.org/ac/terms/subjectOrientation,Orientation of the subject represented in the media object with respect to the capturing device.,string,,,,,under consideration,,,,,,,ac:subjectOrientation,2015-07-11,2015-07-11
MediaItem,captureDevice,http://rs.tdwg.org/ac/terms/,http://rs.tdwg.org/ac/terms/captureDevice,Device used to create the media object.,string,,,,,under consideration,,,,,,,ac:captureDevice,2015-07-11,2015-07-11
MediaItem,resourceCreationTechnique,http://rs.tdwg.org/ac/terms/,http://rs.tdwg.org/ac/terms/resourceCreationTechnique,Information about technical aspects of the creation of the media object.,string,,,,,under consideration,,,,,,,ac:resourceCreationTechnique,2015-07-11,2015-07-11
MediaItem,relatedResourceID,http://rs.tdwg.org/ac/terms/,http://rs.tdwg.org/ac/terms/relatedResourceID,"Identifier(s) of related media objects, e.g.different view angles of the same subject.",string,,,,,under consideration,,,,,,,ac:relatedResourceID,2015-07-11,2015-07-11
MediaItem,mediaItemID,http://purl.org/dc/terms/,http://purl.org/dc/terms/identifier,"An arbitrary code that is unique for the resource, with the resource being either a provider, collection, or media item",string,,,,,under consideration,,,,,,,dcterms:identifier,2015-07-11,2015-07-11
MediaItem,subtype,http://rs.tdwg.org/ac/terms/,http://rs.tdwg.org/ac/terms/subtype,Any URI may be used that provides for more specialization than the type. Possible values are community-defined.,string,URI to vocabulary term,"Drawing, Painting, Logo, Icon, Illustration, Graphic, Photograph, Animation, Film, SlideShow, DesignPlan, Diagram, Map, MusicalNotation, IdentificationKey, ScannedText, RecordedText, RecordedOrganism, TaxonPage, MultimediaLearningObject, VirtualRealityEnvironment, GlossaryPage.",,,under consideration,https://github.com/hiscom/hispid/issues/60,,,,,,ac:subtype,2015-07-11,2015-07-11
MediaItem,metadataDate,http://ns.adobe.com/xap/1.0/,http://ns.adobe.com/xap/1.0/MetadataDate,Point in time recording when the last modification to metadata (not necessarily the media object itself) occurred.,dateTime,ISO-8601,,,,under consideration,,,,,,,xmp:MetadataDate,2015-07-11,2015-07-11
MediaItem,providerManagedID,http://rs.tdwg.org/ac/terms/,http://rs.tdwg.org/ac/terms/providerManagedID,"A free-form identifier (a simple number, an alphanumeric code, a URL, etc.) that is unique and meaningful primarily for the data provider.",string,,,,,under consideration,,,,,,,ac:providerManagedID,2015-07-11,2015-07-11
MediaItem,available,http://purl.org/dc/terms/,http://purl.org/dc/terms/available,The date (often a range) that the resource became or will become available.,dateTime,ISO-8601,,,,under consideration,,,,,,,dcterms:available,2015-07-11,2015-07-11
MediaItem,hasServiceAccessPoint,http://rs.tdwg.org/ac/terms/,http://rs.tdwg.org/ac/terms/hasServiceAccessPoint,Service access point for metadata about this media resource,string,,,,,under consideration,,,,,,,ac:hasServiceAccessPoint,2015-07-11,2015-07-11
MediaItem,rights,http://purl.org/dc/terms/,http://purl.org/dc/terms/rights,Information about rights held in and over the resource.,string,,,,,under consideration,,,,,,,dcterms:rights,2015-07-11,2015-07-11
MediaItem,licenseTerms,http://ns.adobe.com/xap/1.0/rights/,http://ns.adobe.com/xap/1.0/rights/UsageTerms,The license statement defining how resources may be used.,string,,,,,under consideration,,,,,,,xmpRights:UsageTerms,2015-07-11,2015-07-11
MediaItem,licenseURL,http://ns.adobe.com/xap/1.0/rights/,http://ns.adobe.com/xap/1.0/rights/WebStatement,"A URL defining or further elaborating on the license statement (e. g., a web page explaining the precise terms of use).",string,,,,,under consideration,,,,,,,xmpRights:WebStatement,2015-07-11,2015-07-11
MediaItem,licenseLogoURL,http://rs.tdwg.org/ac/terms/,http://rs.tdwg.org/ac/terms/licenseLogoURL,A URL providing access to a logo that symbolizes the License.,string,,,,,under consideration,,,,,,,ac:licenseLogoUR,2015-07-11,2015-07-11
MediaItem,credit,http://ns.adobe.com/photoshop/1.0/,http://ns.adobe.com/photoshop/1.0/Credit,Attribution statement,string,,,,,under consideration,,,,,,,photoshop:Credit,2015-07-11,2015-07-11
MediaItem,attributionURL,http://rs.tdwg.org/ac/terms/,http://rs.tdwg.org/ac/terms/attributionLogoURL,The URL of the icon or logo image to appear in source attribution.,string,,,,,under consideration,,,,,,,ac:attributionLogoURL,2015-07-11,2015-07-11
MediaItem,attributionLinkURL,http://rs.tdwg.org/ac/terms/,http://rs.tdwg.org/ac/terms/attributionLinkURL,"The URL where information about ownership, attribution, etc. of the resource may be found.",string,,,,,under consideration,,,,,,,ac:attributionLinkURL,2015-07-11,2015-07-11
MediaItem,funding,http://rs.tdwg.org/ac/terms/,http://rs.tdwg.org/ac/terms/fundingAttribution,Organizations or individuals who funded the creation of the resource.,string,,,,,under consideration,,,,,,,ac:fundingAttribution,2015-07-11,2015-07-11
MediaItem,provider,http://rs.tdwg.org/ac/terms/,http://rs.tdwg.org/ac/terms/providerLiteral,Person or organization responsible for presenting the media resource.,string,,,,,under consideration,,,,,,,ac:providerLiteral,2015-07-11,2015-07-11
MediaItem,subjectCategoryVocabulary,http://rs.tdwg.org/ac/terms/,http://rs.tdwg.org/ac/terms/subjectCategoryVocabulary,Any vocabulary or formal classification from which terms in the Subject Category have been drawn.,string,,,,,under consideration,,,,,,,ac:subjectCategoryVocabulary,2015-07-11,2015-07-11
MediaItem,taxonCoverage,http://rs.tdwg.org/ac/terms/,http://rs.tdwg.org/ac/terms/taxonCoverage,"A higher taxon (e. g., a genus, family, or order) at the level of the genus or higher, that covers all taxa that are the primary subject of the resource",string,,,,,under consideration,,,,,,,ac:taxonCoverage,2015-07-11,2015-07-11
MediaItem,derivedFrom,http://rs.tdwg.org/ac/terms/,http://rs.tdwg.org/ac/terms/derivedFrom,A reference to an original resource from which the current one is derived.,string,,,,,under consideration,,,,,,,ac:derivedFrom,2015-07-11,2015-07-11
MediaItem,associatedSpecimenReference,http://rs.tdwg.org/ac/terms/,http://rs.tdwg.org/ac/terms/associatedSpecimenReference,A reference to a specimen associated with this resource.,string,This should be in the same form as catalogNumber,,,,under consideration,,,,,,,ac:associatedSpecimenReference,2015-07-11,2015-07-11
MediaItem,associatedObservationReference,http://rs.tdwg.org/ac/terms/,http://rs.tdwg.org/ac/terms/associatedObservationReference,A reference to an observation associated with this resource.,string,,,,,under consideration,,,,,,,ac:associatedObservationReference,2015-07-11,2015-07-11
MediaItem,accessURI,http://rs.tdwg.org/ac/terms/,http://rs.tdwg.org/ac/terms/accessURI,"A URI that uniquely identifies a service that provides a representation of the underlying resource. If this resource can be acquired by an http request, its http URL should be given. If not, but it has some URI in another URI scheme, that may be given here.",string,,,,,under consideration,,,,,,,ac:accessURI,2015-07-11,2015-07-11
MediaItem,format,http://purl.org/dc/elements/1.1/,http://purl.org/dc/elements/1.1/format,A string describing the technical format of the resource (file format or physical medium).,string,,dc:format,maybe be more appropriate to use  dcterms:format?,,under consideration,,,,,,,dc:format,2015-07-11,2015-07-11
MediaItem,variant,http://rs.tdwg.org/ac/terms/,http://rs.tdwg.org/ac/terms/variant,"A URI designating what this Service Access Point provides. Some suggested values are the URIs ac:Thumbnail, ac:Trailer, ac:LowerQuality, ac:MediumQuality, ac:GoodQuality, ac:BestQuality, and ac:Offline. Additional URIs from communities of practice may be introduced.",string,,,,,under consideration,,,,,,,ac:variant,2015-07-11,2015-07-11
MediaItem,furtherInformationURL,http://rs.tdwg.org/ac/terms/,http://rs.tdwg.org/ac/terms/furtherInformationURL,The URL of a Web site that provides additional information about the version of the media resource that is provided by the Service Access Point.,string,,,,,under consideration,,,,,,,ac:furtherInformationURL,2015-07-11,2015-07-11
